{
    "hook" : {
        "validators" : {
            "length" : {
                "min" : 1,
                "max" : 200,
                "message" : "AUTH_HOOK_CHAR_LIMIT"
            },
            "required" : {
                "message" : "VALIDATE_REQUIRED"
            }
        },
        "sanitizers" : {
            "raw" : ""
        }
    },          
    "conditions" : {
        "validators" : {
            "required" : {
                "message" : "VALIDATE_REQUIRED"
            }
        },
        "sanitizers" : {
            "raw" : ""
        }
    }
}
