{
    "user_name" : {
        "validators" : {
            "required" : {
                "message" : "ACCOUNT_SPECIFY_USERNAME"
            },
            "no_leading_whitespace" : {
                "message" : "ACCOUNT_USER_NO_LEAD_WS"
            },
            "no_trailing_whitespace" : {
                "message" : "ACCOUNT_USER_NO_TRAIL_WS"
            }
        }
    },
    "password" : {
        "validators" : {
            "required" : {
                "message" : "ACCOUNT_SPECIFY_PASSWORD"
            }
        },
        "sanitizers" : {
            "raw" : {}
        }
    },
    "rememberme" : {}
}
