{
    "display_name" : {
        "validators" : {
            "length" : {
                "min" : 1,
                "max" : 50,
                "message" : "ACCOUNT_DISPLAY_CHAR_LIMIT"
            }
        },
        "sanitizers" : {
            "raw" : ""
        }
    },          
    "email" : {
        "validators" : {
            "length" : {
                "min" : 1,
                "max" : 150,
                "message" : "ACCOUNT_EMAIL_CHAR_LIMIT"
            },
            "email" : {
                "message" : "ACCOUNT_INVALID_EMAIL"
            }
        },
        "sanitizers" : {
            "raw" : ""
        }
    },
    "title" : {
        "validators" : {
            "length" : {
                "min" : 1,
                "max" : 150,
                "message" : "ACCOUNT_TITLE_CHAR_LIMIT"
            }
        }
    },
    "locale" : {
        "validators" : {

        }
    },
    "primary_group_id" : {
        "validators" : {
            "integer" : {
                "message" : "VALIDATE_INTEGER"
            }
        }
    },
    "password" : {
        "validators" : {
            "length" : {
                "min" : 8,
                "max" : 50,
                "message" : "ACCOUNT_PASS_CHAR_LIMIT"
            }
        },
        "sanitizers" : {
            "raw" : {}
        }    
    },
    "passwordc" : {
        "validators" : {
            "matches" : {
                "field" : "password",
                "message" : "ACCOUNT_PASS_MISMATCH"
            },
            "length" : {
                "min" : 8,
                "max" : 50,
                "message" : "ACCOUNT_PASS_CHAR_LIMIT"
            }
        },
        "sanitizers" : {
            "raw" : {}
        }    
    },    
    "groups" : {
        "validators" : {
            "array" : {
                "message" : "VALIDATE_ARRAY"
            }
        }
    },
    "flag_enabled" : {
        "validators" : {
            "member_of" : {
                "values" : [
                    "0", "1"
                ],
                "message" : "VALIDATE_BOOLEAN" 
            }
        }
    },
    "flag_verified" : {
        "validators" : {
            "member_of" : {
                "values" : [
                    "0", "1"
                ],
                "message" : "VALIDATE_BOOLEAN" 
            }
        }
    },
    "flag_password_reset" : {
        "validators" : {
            "member_of" : {
                "values" : [
                    "0", "1"
                ],
                "message" : "VALIDATE_BOOLEAN" 
            }
        }
    }    
}
